sgRNA	Gene
AAAS_sg1	AAAS
AAAS_sg2	AAAS
AAAS_sg3	AAAS
AAAS_sg4	AAAS
AAK1_sg1	AAK1
AAK1_sg2	AAK1
AAK1_sg3	AAK1
AAK1_sg4	AAK1
AATF_sg1	AATF
AATF_sg2	AATF
AATF_sg3	AATF
AATF_sg4	AATF
AATK_sg1	AATK
AATK_sg2	AATK
AATK_sg3	AATK
AATK_sg4	AATK
ABCC1_sg1	ABCC1
ABCC1_sg2	ABCC1
ABCC1_sg3	ABCC1
ABCC1_sg4	ABCC1
ABHD14B_sg1	ABHD14B
ABHD14B_sg2	ABHD14B
ABHD14B_sg3	ABHD14B
ABHD14B_sg4	ABHD14B
ABTB1_sg1	ABTB1
ABTB1_sg2	ABTB1
ABTB1_sg3	ABTB1
ABTB1_sg4	ABTB1
ACAD9_sg1	ACAD9
ACAD9_sg2	ACAD9
ACAD9_sg3	ACAD9
ACAD9_sg4	ACAD9
ACAT2_sg1	ACAT2
ACAT2_sg2	ACAT2
ACAT2_sg3	ACAT2
ACAT2_sg4	ACAT2
ACD_sg1	ACD
ACD_sg2	ACD
ACD_sg3	ACD
ACD_sg4	ACD
ACHE_sg1	ACHE
ACHE_sg2	ACHE
ACHE_sg3	ACHE
ACHE_sg4	ACHE
ACLY_sg1	ACLY
ACLY_sg2	ACLY
ACLY_sg3	ACLY
ACLY_sg4	ACLY
ACO2_sg1	ACO2
ACO2_sg2	ACO2
ACO2_sg3	ACO2
ACO2_sg4	ACO2
ACP1_sg1	ACP1
ACP1_sg2	ACP1
ACP1_sg3	ACP1
ACP1_sg4	ACP1
ACTL6B_sg1	ACTL6B
ACTL6B_sg2	ACTL6B
ACTL6B_sg3	ACTL6B
ACTL6B_sg4	ACTL6B
ACTN1_sg1	ACTN1
ACTN1_sg2	ACTN1
ACTN1_sg3	ACTN1
ACTN1_sg4	ACTN1
ACTR1A_sg1	ACTR1A
ACTR1A_sg2	ACTR1A
ACTR1A_sg3	ACTR1A
ACTR1A_sg4	ACTR1A
ACTR3_sg1	ACTR3
ACTR3_sg2	ACTR3
ACTR3_sg3	ACTR3
ACTR3_sg4	ACTR3
ACTR8_sg1	ACTR8
ACTR8_sg2	ACTR8
ACTR8_sg3	ACTR8
ACTR8_sg4	ACTR8
ACTRT3_sg1	ACTRT3
ACTRT3_sg2	ACTRT3
ACTRT3_sg3	ACTRT3
ACTRT3_sg4	ACTRT3
ADAD1_sg1	ADAD1
ADAD1_sg2	ADAD1
ADAD1_sg3	ADAD1
ADAD1_sg4	ADAD1
ADAM10_sg1	ADAM10
ADAM10_sg2	ADAM10
ADAM10_sg3	ADAM10
ADAM10_sg4	ADAM10
ADAM12_sg1	ADAM12
ADAM12_sg2	ADAM12
ADAM12_sg3	ADAM12
ADAM12_sg4	ADAM12
ADAMTS5_sg1	ADAMTS5
ADAMTS5_sg2	ADAMTS5
ADAMTS5_sg3	ADAMTS5
ADAMTS5_sg4	ADAMTS5
ADAP1_sg1	ADAP1
ADAP1_sg2	ADAP1
ADAP1_sg3	ADAP1
ADAP1_sg4	ADAP1
ADCK3_sg1	ADCK3
ADCK3_sg2	ADCK3
ADCK3_sg3	ADCK3
ADCK3_sg4	ADCK3
ADCK4_sg1	ADCK4
ADCK4_sg2	ADCK4
ADCK4_sg3	ADCK4
ADCK4_sg4	ADCK4
ADCY1_sg1	ADCY1
ADCY1_sg2	ADCY1
ADCY1_sg3	ADCY1
ADCY1_sg4	ADCY1
ADH5_sg1	ADH5
ADH5_sg2	ADH5
ADH5_sg3	ADH5
ADH5_sg4	ADH5
ADNP_sg1	ADNP
ADNP_sg2	ADNP
ADNP_sg3	ADNP
ADNP_sg4	ADNP
ADNP2_sg1	ADNP2
ADNP2_sg2	ADNP2
ADNP2_sg3	ADNP2
ADNP2_sg4	ADNP2
ADPRHL2_sg1	ADPRHL2
ADPRHL2_sg2	ADPRHL2
ADPRHL2_sg3	ADPRHL2
ADPRHL2_sg4	ADPRHL2
ADRA1A_sg1	ADRA1A
ADRA1A_sg2	ADRA1A
ADRA1A_sg3	ADRA1A
ADRA1A_sg4	ADRA1A
ADRB1_sg1	ADRB1
ADRB1_sg2	ADRB1
ADRB1_sg3	ADRB1
ADRB1_sg4	ADRB1
ADRB3_sg1	ADRB3
ADRB3_sg2	ADRB3
ADRB3_sg3	ADRB3
ADRB3_sg4	ADRB3
ADRBK1_sg1	ADRBK1
ADRBK1_sg2	ADRBK1
ADRBK1_sg3	ADRBK1
ADRBK1_sg4	ADRBK1
ADRBK2_sg1	ADRBK2
ADRBK2_sg2	ADRBK2
ADRBK2_sg3	ADRBK2
ADRBK2_sg4	ADRBK2
AEBP2_sg1	AEBP2
AEBP2_sg2	AEBP2
AEBP2_sg3	AEBP2
AEBP2_sg4	AEBP2
AEN_sg1	AEN
AEN_sg2	AEN
AEN_sg3	AEN
AEN_sg4	AEN
AFF1_sg1	AFF1
AFF1_sg2	AFF1
AFF1_sg3	AFF1
AFF1_sg4	AFF1
AFF2_sg1	AFF2
AFF2_sg2	AFF2
AFF2_sg3	AFF2
AFF2_sg4	AFF2
AFF3_sg1	AFF3
AFF3_sg2	AFF3
AFF3_sg3	AFF3
AFF3_sg4	AFF3
AFF4_sg1	AFF4
AFF4_sg2	AFF4
AFF4_sg3	AFF4
AFF4_sg4	AFF4
AGAP3_sg1	AGAP3
AGAP3_sg2	AGAP3
AGAP3_sg3	AGAP3
AGAP3_sg4	AGAP3
AGBL5_sg1	AGBL5
AGBL5_sg2	AGBL5
AGBL5_sg3	AGBL5
AGBL5_sg4	AGBL5
AGPAT3_sg1	AGPAT3
AGPAT3_sg2	AGPAT3
AGPAT3_sg3	AGPAT3
AGPAT3_sg4	AGPAT3
AGTPBP1_sg1	AGTPBP1
AGTPBP1_sg2	AGTPBP1
AGTPBP1_sg3	AGTPBP1
AGTPBP1_sg4	AGTPBP1
AIFM3_sg1	AIFM3
AIFM3_sg2	AIFM3
AIFM3_sg3	AIFM3
AIFM3_sg4	AIFM3
AIP_sg1	AIP
AIP_sg2	AIP
AIP_sg3	AIP
AIP_sg4	AIP
AIRE_sg1	AIRE
AIRE_sg2	AIRE
AIRE_sg3	AIRE
AIRE_sg4	AIRE
AJUBA_sg1	AJUBA
AJUBA_sg2	AJUBA
AJUBA_sg3	AJUBA
AJUBA_sg4	AJUBA
AK1_sg1	AK1
AK1_sg2	AK1
AK1_sg3	AK1
AK1_sg4	AK1
AKAP11_sg1	AKAP11
AKAP11_sg2	AKAP11
AKAP11_sg3	AKAP11
AKAP11_sg4	AKAP11
AKAP6_sg1	AKAP6
AKAP6_sg2	AKAP6
AKAP6_sg3	AKAP6
AKAP6_sg4	AKAP6
AKAP8_sg1	AKAP8
AKAP8_sg2	AKAP8
AKAP8_sg3	AKAP8
AKAP8_sg4	AKAP8
AKIRIN2_sg1	AKIRIN2
AKIRIN2_sg2	AKIRIN2
AKIRIN2_sg3	AKIRIN2
AKIRIN2_sg4	AKIRIN2
AKR1C3_sg1	AKR1C3
AKR1C3_sg2	AKR1C3
AKR1C3_sg3	AKR1C3
AKR1C3_sg4	AKR1C3
AKT2_sg1	AKT2
AKT2_sg2	AKT2
AKT2_sg3	AKT2
AKT2_sg4	AKT2
ALDH1A2_sg1	ALDH1A2
ALDH1A2_sg2	ALDH1A2
ALDH1A2_sg3	ALDH1A2
ALDH1A2_sg4	ALDH1A2
ALDH1B1_sg1	ALDH1B1
ALDH1B1_sg2	ALDH1B1
ALDH1B1_sg3	ALDH1B1
ALDH1B1_sg4	ALDH1B1
ALDH6A1_sg1	ALDH6A1
ALDH6A1_sg2	ALDH6A1
ALDH6A1_sg3	ALDH6A1
ALDH6A1_sg4	ALDH6A1
ALDH7A1_sg1	ALDH7A1
ALDH7A1_sg2	ALDH7A1
ALDH7A1_sg3	ALDH7A1
ALDH7A1_sg4	ALDH7A1
ALG2_sg1	ALG2
ALG2_sg2	ALG2
ALG2_sg3	ALG2
ALG2_sg4	ALG2
ALKBH2_sg1	ALKBH2
ALKBH2_sg2	ALKBH2
ALKBH2_sg3	ALKBH2
ALKBH2_sg4	ALKBH2
ALKBH5_sg1	ALKBH5
ALKBH5_sg2	ALKBH5
ALKBH5_sg3	ALKBH5
ALKBH5_sg4	ALKBH5
ALMS1_sg1	ALMS1
ALMS1_sg2	ALMS1
ALMS1_sg3	ALMS1
ALMS1_sg4	ALMS1
ALOX5AP_sg1	ALOX5AP
ALOX5AP_sg2	ALOX5AP
ALOX5AP_sg3	ALOX5AP
ALOX5AP_sg4	ALOX5AP
ALPK1_sg1	ALPK1
ALPK1_sg2	ALPK1
ALPK1_sg3	ALPK1
ALPK1_sg4	ALPK1
ALX4_sg1	ALX4
ALX4_sg2	ALX4
ALX4_sg3	ALX4
ALX4_sg4	ALX4
ALYREF_sg1	ALYREF
ALYREF_sg2	ALYREF
ALYREF_sg3	ALYREF
ALYREF_sg4	ALYREF
AMER1_sg1	AMER1
AMER1_sg2	AMER1
AMER1_sg3	AMER1
AMER1_sg4	AMER1
AMHR2_sg1	AMHR2
AMHR2_sg2	AMHR2
AMHR2_sg3	AMHR2
AMHR2_sg4	AMHR2
AMOT_sg1	AMOT
AMOT_sg2	AMOT
AMOT_sg3	AMOT
AMOT_sg4	AMOT
ANAPC2_sg1	ANAPC2
ANAPC2_sg2	ANAPC2
ANAPC2_sg3	ANAPC2
ANAPC2_sg4	ANAPC2
ANAPC5_sg1	ANAPC5
ANAPC5_sg2	ANAPC5
ANAPC5_sg3	ANAPC5
ANAPC5_sg4	ANAPC5
ANAPC7_sg1	ANAPC7
ANAPC7_sg2	ANAPC7
ANAPC7_sg3	ANAPC7
ANAPC7_sg4	ANAPC7
ANKHD1_sg1	ANKHD1
ANKHD1_sg2	ANKHD1
ANKHD1_sg3	ANKHD1
ANKHD1_sg4	ANKHD1
ANKK1_sg1	ANKK1
ANKK1_sg2	ANKK1
ANKK1_sg3	ANKK1
ANKK1_sg4	ANKK1
ANKLE2_sg1	ANKLE2
ANKLE2_sg2	ANKLE2
ANKLE2_sg3	ANKLE2
ANKLE2_sg4	ANKLE2
ANKRD30A_sg1	ANKRD30A
ANKRD30A_sg2	ANKRD30A
ANKRD30A_sg3	ANKRD30A
ANKRD30A_sg4	ANKRD30A
ANKRD32_sg1	ANKRD32
ANKRD32_sg2	ANKRD32
ANKRD32_sg3	ANKRD32
ANKRD32_sg4	ANKRD32
ANKRD42_sg1	ANKRD42
ANKRD42_sg2	ANKRD42
ANKRD42_sg3	ANKRD42
ANKRD42_sg4	ANKRD42
ANKS1A_sg1	ANKS1A
ANKS1A_sg2	ANKS1A
ANKS1A_sg3	ANKS1A
ANKS1A_sg4	ANKS1A
ANLN_sg1	ANLN
ANLN_sg2	ANLN
ANLN_sg3	ANLN
ANLN_sg4	ANLN
ANO2_sg1	ANO2
ANO2_sg2	ANO2
ANO2_sg3	ANO2
ANO2_sg4	ANO2
ANP32A_sg1	ANP32A
ANP32A_sg2	ANP32A
ANP32A_sg3	ANP32A
ANP32A_sg4	ANP32A
ANP32E_sg1	ANP32E
ANP32E_sg2	ANP32E
ANP32E_sg3	ANP32E
ANP32E_sg4	ANP32E
ANXA1_sg1	ANXA1
ANXA1_sg2	ANXA1
ANXA1_sg3	ANXA1
ANXA1_sg4	ANXA1
ANXA11_sg1	ANXA11
ANXA11_sg2	ANXA11
ANXA11_sg3	ANXA11
ANXA11_sg4	ANXA11
AP1AR_sg1	AP1AR
AP1AR_sg2	AP1AR
AP1AR_sg3	AP1AR
AP1AR_sg4	AP1AR
AP5Z1_sg1	AP5Z1
AP5Z1_sg2	AP5Z1
AP5Z1_sg3	AP5Z1
AP5Z1_sg4	AP5Z1
APC_sg1	APC
APC_sg2	APC
APC_sg3	APC
APC_sg4	APC
APEX1_sg1	APEX1
APEX1_sg2	APEX1
APEX1_sg3	APEX1
APEX1_sg4	APEX1
APEX2_sg1	APEX2
APEX2_sg2	APEX2
APEX2_sg3	APEX2
APEX2_sg4	APEX2
APOA1_sg1	APOA1
APOA1_sg2	APOA1
APOA1_sg3	APOA1
APOA1_sg4	APOA1
APOBEC3A_sg1	APOBEC3A
APOBEC3A_sg2	APOBEC3A
APOBEC3A_sg3	APOBEC3A
APOBEC3A_sg4	APOBEC3A
APOBEC3B_sg1	APOBEC3B
APOBEC3B_sg2	APOBEC3B
APOBEC3B_sg3	APOBEC3B
APOBEC3B_sg4	APOBEC3B
APOBEC3C_sg1	APOBEC3C
APOBEC3C_sg2	APOBEC3C
APOBEC3C_sg3	APOBEC3C
APOBEC3C_sg4	APOBEC3C
APOBEC3H_sg1	APOBEC3H
APOBEC3H_sg2	APOBEC3H
APOBEC3H_sg3	APOBEC3H
APOBEC3H_sg4	APOBEC3H
APPBP2_sg1	APPBP2
APPBP2_sg2	APPBP2
APPBP2_sg3	APPBP2
APPBP2_sg4	APPBP2
APPL1_sg1	APPL1
APPL1_sg2	APPL1
APPL1_sg3	APPL1
APPL1_sg4	APPL1
AR_sg1	AR
AR_sg2	AR
AR_sg3	AR
AR_sg4	AR
ARGFX_sg1	ARGFX
ARGFX_sg2	ARGFX
ARGFX_sg3	ARGFX
ARGFX_sg4	ARGFX
ARHGAP22_sg1	ARHGAP22
ARHGAP22_sg2	ARHGAP22
ARHGAP22_sg3	ARHGAP22
ARHGAP22_sg4	ARHGAP22
ARHGEF10_sg1	ARHGEF10
ARHGEF10_sg2	ARHGEF10
ARHGEF10_sg3	ARHGEF10
ARHGEF10_sg4	ARHGEF10
ARID2_sg1	ARID2
ARID2_sg2	ARID2
ARID2_sg3	ARID2
ARID2_sg4	ARID2
ARID3A_sg1	ARID3A
ARID3A_sg2	ARID3A
ARID3A_sg3	ARID3A
ARID3A_sg4	ARID3A
ARID3B_sg1	ARID3B
ARID3B_sg2	ARID3B
ARID3B_sg3	ARID3B
ARID3B_sg4	ARID3B
ARID4A_sg1	ARID4A
ARID4A_sg2	ARID4A
ARID4A_sg3	ARID4A
ARID4A_sg4	ARID4A
ARID4B_sg1	ARID4B
ARID4B_sg2	ARID4B
ARID4B_sg3	ARID4B
ARID4B_sg4	ARID4B
ARID5A_sg1	ARID5A
ARID5A_sg2	ARID5A
ARID5A_sg3	ARID5A
ARID5A_sg4	ARID5A
ARID5B_sg1	ARID5B
ARID5B_sg2	ARID5B
ARID5B_sg3	ARID5B
ARID5B_sg4	ARID5B
ARL2_sg1	ARL2
ARL2_sg2	ARL2
ARL2_sg3	ARL2
ARL2_sg4	ARL2
ARL4D_sg1	ARL4D
ARL4D_sg2	ARL4D
ARL4D_sg3	ARL4D
ARL4D_sg4	ARL4D
ARNTL2_sg1	ARNTL2
ARNTL2_sg2	ARNTL2
ARNTL2_sg3	ARNTL2
ARNTL2_sg4	ARNTL2
ARRB2_sg1	ARRB2
ARRB2_sg2	ARRB2
ARRB2_sg3	ARRB2
ARRB2_sg4	ARRB2
ARX_sg1	ARX
ARX_sg2	ARX
ARX_sg3	ARX
ARX_sg4	ARX
ASCC1_sg1	ASCC1
ASCC1_sg2	ASCC1
ASCC1_sg3	ASCC1
ASCC1_sg4	ASCC1
ASCL1_sg1	ASCL1
ASCL1_sg2	ASCL1
ASCL1_sg3	ASCL1
ASCL1_sg4	ASCL1
ASCL2_sg1	ASCL2
ASCL2_sg2	ASCL2
ASCL2_sg3	ASCL2
ASCL2_sg4	ASCL2
ASH2L_sg1	ASH2L
ASH2L_sg2	ASH2L
ASH2L_sg3	ASH2L
ASH2L_sg4	ASH2L
ASNA1_sg1	ASNA1
ASNA1_sg2	ASNA1
ASNA1_sg3	ASNA1
ASNA1_sg4	ASNA1
ASPA_sg1	ASPA
ASPA_sg2	ASPA
ASPA_sg3	ASPA
ASPA_sg4	ASPA
ASPM_sg1	ASPM
ASPM_sg2	ASPM
ASPM_sg3	ASPM
ASPM_sg4	ASPM
ASRGL1_sg1	ASRGL1
ASRGL1_sg2	ASRGL1
ASRGL1_sg3	ASRGL1
ASRGL1_sg4	ASRGL1
ASUN_sg1	ASUN
ASUN_sg2	ASUN
ASUN_sg3	ASUN
ASUN_sg4	ASUN
ASZ1_sg1	ASZ1
ASZ1_sg2	ASZ1
ASZ1_sg3	ASZ1
ASZ1_sg4	ASZ1
ATF5_sg1	ATF5
ATF5_sg2	ATF5
ATF5_sg3	ATF5
ATF5_sg4	ATF5
ATF7_sg1	ATF7
ATF7_sg2	ATF7
ATF7_sg3	ATF7
ATF7_sg4	ATF7
ATF7IP_sg1	ATF7IP
ATF7IP_sg2	ATF7IP
ATF7IP_sg3	ATF7IP
ATF7IP_sg4	ATF7IP
ATF7IP2_sg1	ATF7IP2
ATF7IP2_sg2	ATF7IP2
ATF7IP2_sg3	ATF7IP2
ATF7IP2_sg4	ATF7IP2
ATM_sg1	ATM
ATM_sg2	ATM
ATM_sg3	ATM
ATM_sg4	ATM
ATP1A3_sg1	ATP1A3
ATP1A3_sg2	ATP1A3
ATP1A3_sg3	ATP1A3
ATP1A3_sg4	ATP1A3
ATP1B4_sg1	ATP1B4
ATP1B4_sg2	ATP1B4
ATP1B4_sg3	ATP1B4
ATP1B4_sg4	ATP1B4
ATP2A3_sg1	ATP2A3
ATP2A3_sg2	ATP2A3
ATP2A3_sg3	ATP2A3
ATP2A3_sg4	ATP2A3
ATP6V0A1_sg1	ATP6V0A1
ATP6V0A1_sg2	ATP6V0A1
ATP6V0A1_sg3	ATP6V0A1
ATP6V0A1_sg4	ATP6V0A1
ATR_sg1	ATR
ATR_sg2	ATR
ATR_sg3	ATR
ATR_sg4	ATR
ATRAID_sg1	ATRAID
ATRAID_sg2	ATRAID
ATRAID_sg3	ATRAID
ATRAID_sg4	ATRAID
ATRIP_sg1	ATRIP
ATRIP_sg2	ATRIP
ATRIP_sg3	ATRIP
ATRIP_sg4	ATRIP
ATRX_sg1	ATRX
ATRX_sg2	ATRX
ATRX_sg3	ATRX
ATRX_sg4	ATRX
ATXN1L_sg1	ATXN1L
ATXN1L_sg2	ATXN1L
ATXN1L_sg3	ATXN1L
ATXN1L_sg4	ATXN1L
ATXN2_sg1	ATXN2
ATXN2_sg2	ATXN2
ATXN2_sg3	ATXN2
ATXN2_sg4	ATXN2
ATXN7_sg1	ATXN7
ATXN7_sg2	ATXN7
ATXN7_sg3	ATXN7
ATXN7_sg4	ATXN7
AUNIP_sg1	AUNIP
AUNIP_sg2	AUNIP
AUNIP_sg3	AUNIP
AUNIP_sg4	AUNIP
AURKA_sg1	AURKA
AURKA_sg2	AURKA
AURKA_sg3	AURKA
AURKA_sg4	AURKA
AURKC_sg1	AURKC
AURKC_sg2	AURKC
AURKC_sg3	AURKC
AURKC_sg4	AURKC
AVPI1_sg1	AVPI1
AVPI1_sg2	AVPI1
AVPI1_sg3	AVPI1
AVPI1_sg4	AVPI1
AXIN2_sg1	AXIN2
AXIN2_sg2	AXIN2
AXIN2_sg3	AXIN2
AXIN2_sg4	AXIN2
AXL_sg1	AXL
AXL_sg2	AXL
AXL_sg3	AXL
AXL_sg4	AXL
AZI1_sg1	AZI1
AZI1_sg2	AZI1
AZI1_sg3	AZI1
AZI1_sg4	AZI1
B9D2_sg1	B9D2
B9D2_sg2	B9D2
B9D2_sg3	B9D2
B9D2_sg4	B9D2
BABAM1_sg1	BABAM1
BABAM1_sg2	BABAM1
BABAM1_sg3	BABAM1
BABAM1_sg4	BABAM1
BACH1_sg1	BACH1
BACH1_sg2	BACH1
BACH1_sg3	BACH1
BACH1_sg4	BACH1
BACH2_sg1	BACH2
BACH2_sg2	BACH2
BACH2_sg3	BACH2
BACH2_sg4	BACH2
BAIAP2_sg1	BAIAP2
BAIAP2_sg2	BAIAP2
BAIAP2_sg3	BAIAP2
BAIAP2_sg4	BAIAP2
BAIAP2L1_sg1	BAIAP2L1
BAIAP2L1_sg2	BAIAP2L1
BAIAP2L1_sg3	BAIAP2L1
BAIAP2L1_sg4	BAIAP2L1
BARD1_sg1	BARD1
BARD1_sg2	BARD1
BARD1_sg3	BARD1
BARD1_sg4	BARD1
BARHL1_sg1	BARHL1
BARHL1_sg2	BARHL1
BARHL1_sg3	BARHL1
BARHL1_sg4	BARHL1
BARHL2_sg1	BARHL2
BARHL2_sg2	BARHL2
BARHL2_sg3	BARHL2
BARHL2_sg4	BARHL2
BARX2_sg1	BARX2
BARX2_sg2	BARX2
BARX2_sg3	BARX2
BARX2_sg4	BARX2
BASP1_sg1	BASP1
BASP1_sg2	BASP1
BASP1_sg3	BASP1
BASP1_sg4	BASP1
BATF_sg1	BATF
BATF_sg2	BATF
BATF_sg3	BATF
BATF_sg4	BATF
BATF2_sg1	BATF2
BATF2_sg2	BATF2
BATF2_sg3	BATF2
BATF2_sg4	BATF2
BATF3_sg1	BATF3
BATF3_sg2	BATF3
BATF3_sg3	BATF3
BATF3_sg4	BATF3
BAX_sg1	BAX
BAX_sg2	BAX
BAX_sg3	BAX
BAX_sg4	BAX
BAZ1A_sg1	BAZ1A
BAZ1A_sg2	BAZ1A
BAZ1A_sg3	BAZ1A
BAZ1A_sg4	BAZ1A
BBX_sg1	BBX
BBX_sg2	BBX
BBX_sg3	BBX
BBX_sg4	BBX
BCAS2_sg1	BCAS2
BCAS2_sg2	BCAS2
BCAS2_sg3	BCAS2
BCAS2_sg4	BCAS2
BCAS3_sg1	BCAS3
BCAS3_sg2	BCAS3
BCAS3_sg3	BCAS3
BCAS3_sg4	BCAS3
BCCIP_sg1	BCCIP
BCCIP_sg2	BCCIP
BCCIP_sg3	BCCIP
BCCIP_sg4	BCCIP
BCHE_sg1	BCHE
BCHE_sg2	BCHE
BCHE_sg3	BCHE
BCHE_sg4	BCHE
BCKDK_sg1	BCKDK
BCKDK_sg2	BCKDK
BCKDK_sg3	BCKDK
BCKDK_sg4	BCKDK
BCL10_sg1	BCL10
BCL10_sg2	BCL10
BCL10_sg3	BCL10
BCL10_sg4	BCL10
BCL11A_sg1	BCL11A
BCL11A_sg2	BCL11A
BCL11A_sg3	BCL11A
BCL11A_sg4	BCL11A
BCL2_sg1	BCL2
BCL2_sg2	BCL2
BCL2_sg3	BCL2
BCL2_sg4	BCL2
BCL2L10_sg1	BCL2L10
BCL2L10_sg2	BCL2L10
BCL2L10_sg3	BCL2L10
BCL2L10_sg4	BCL2L10
BCL6_sg1	BCL6
BCL6_sg2	BCL6
BCL6_sg3	BCL6
BCL6_sg4	BCL6
BCL9L_sg1	BCL9L
BCL9L_sg2	BCL9L
BCL9L_sg3	BCL9L
BCL9L_sg4	BCL9L
BCLAF1_sg1	BCLAF1
BCLAF1_sg2	BCLAF1
BCLAF1_sg3	BCLAF1
BCLAF1_sg4	BCLAF1
BCORL1_sg1	BCORL1
BCORL1_sg2	BCORL1
BCORL1_sg3	BCORL1
BCORL1_sg4	BCORL1
BDH1_sg1	BDH1
BDH1_sg2	BDH1
BDH1_sg3	BDH1
BDH1_sg4	BDH1
BDP1_sg1	BDP1
BDP1_sg2	BDP1
BDP1_sg3	BDP1
BDP1_sg4	BDP1
BEX1_sg1	BEX1
BEX1_sg2	BEX1
BEX1_sg3	BEX1
BEX1_sg4	BEX1
BEX2_sg1	BEX2
BEX2_sg2	BEX2
BEX2_sg3	BEX2
BEX2_sg4	BEX2
BHLHE40_sg1	BHLHE40
BHLHE40_sg2	BHLHE40
BHLHE40_sg3	BHLHE40
BHLHE40_sg4	BHLHE40
BHLHE41_sg1	BHLHE41
BHLHE41_sg2	BHLHE41
BHLHE41_sg3	BHLHE41
BHLHE41_sg4	BHLHE41
BIN1_sg1	BIN1
BIN1_sg2	BIN1
BIN1_sg3	BIN1
BIN1_sg4	BIN1
BIN3_sg1	BIN3
BIN3_sg2	BIN3
BIN3_sg3	BIN3
BIN3_sg4	BIN3
BIRC2_sg1	BIRC2
BIRC2_sg2	BIRC2
BIRC2_sg3	BIRC2
BIRC2_sg4	BIRC2
BIRC3_sg1	BIRC3
BIRC3_sg2	BIRC3
BIRC3_sg3	BIRC3
BIRC3_sg4	BIRC3
BIVM_sg1	BIVM
BIVM_sg2	BIVM
BIVM_sg3	BIVM
BIVM_sg4	BIVM
BLK_sg1	BLK
BLK_sg2	BLK
BLK_sg3	BLK
BLK_sg4	BLK
BLM_sg1	BLM
BLM_sg2	BLM
BLM_sg3	BLM
BLM_sg4	BLM
BLVRB_sg1	BLVRB
BLVRB_sg2	BLVRB
BLVRB_sg3	BLVRB
BLVRB_sg4	BLVRB
BLZF1_sg1	BLZF1
BLZF1_sg2	BLZF1
BLZF1_sg3	BLZF1
BLZF1_sg4	BLZF1
BMPR1A_sg1	BMPR1A
BMPR1A_sg2	BMPR1A
BMPR1A_sg3	BMPR1A
BMPR1A_sg4	BMPR1A
BNC1_sg1	BNC1
BNC1_sg2	BNC1
BNC1_sg3	BNC1
BNC1_sg4	BNC1
BNIP1_sg1	BNIP1
BNIP1_sg2	BNIP1
BNIP1_sg3	BNIP1
BNIP1_sg4	BNIP1
BNIP2_sg1	BNIP2
BNIP2_sg2	BNIP2
BNIP2_sg3	BNIP2
BNIP2_sg4	BNIP2
BOK_sg1	BOK
BOK_sg2	BOK
BOK_sg3	BOK
BOK_sg4	BOK
BOP1_sg1	BOP1
BOP1_sg2	BOP1
BOP1_sg3	BOP1
BOP1_sg4	BOP1
BORA_sg1	BORA
BORA_sg2	BORA
BORA_sg3	BORA
BORA_sg4	BORA
BRAP_sg1	BRAP
BRAP_sg2	BRAP
BRAP_sg3	BRAP
BRAP_sg4	BRAP
BRCA1_sg1	BRCA1
BRCA1_sg2	BRCA1
BRCA1_sg3	BRCA1
BRCA1_sg4	BRCA1
BRCA2_sg1	BRCA2
BRCA2_sg2	BRCA2
BRCA2_sg3	BRCA2
BRCA2_sg4	BRCA2
BRCC3_sg1	BRCC3
BRCC3_sg2	BRCC3
BRCC3_sg3	BRCC3
BRCC3_sg4	BRCC3
BRD1_sg1	BRD1
BRD1_sg2	BRD1
BRD1_sg3	BRD1
BRD1_sg4	BRD1
BRD4_sg1	BRD4
BRD4_sg2	BRD4
BRD4_sg3	BRD4
BRD4_sg4	BRD4
BRD7_sg1	BRD7
BRD7_sg2	BRD7
BRD7_sg3	BRD7
BRD7_sg4	BRD7
BRD8_sg1	BRD8
BRD8_sg2	BRD8
BRD8_sg3	BRD8
BRD8_sg4	BRD8
BRDT_sg1	BRDT
BRDT_sg2	BRDT
BRDT_sg3	BRDT
BRDT_sg4	BRDT
BRF1_sg1	BRF1
BRF1_sg2	BRF1
BRF1_sg3	BRF1
BRF1_sg4	BRF1
BRF2_sg1	BRF2
BRF2_sg2	BRF2
BRF2_sg3	BRF2
BRF2_sg4	BRF2
BRIP1_sg1	BRIP1
BRIP1_sg2	BRIP1
BRIP1_sg3	BRIP1
BRIP1_sg4	BRIP1
BRIX1_sg1	BRIX1
BRIX1_sg2	BRIX1
BRIX1_sg3	BRIX1
BRIX1_sg4	BRIX1
BRMS1L_sg1	BRMS1L
BRMS1L_sg2	BRMS1L
BRMS1L_sg3	BRMS1L
BRMS1L_sg4	BRMS1L
BRPF3_sg1	BRPF3
BRPF3_sg2	BRPF3
BRPF3_sg3	BRPF3
BRPF3_sg4	BRPF3
BRSK1_sg1	BRSK1
BRSK1_sg2	BRSK1
BRSK1_sg3	BRSK1
BRSK1_sg4	BRSK1
BRWD1_sg1	BRWD1
BRWD1_sg2	BRWD1
BRWD1_sg3	BRWD1
BRWD1_sg4	BRWD1
BSPRY_sg1	BSPRY
BSPRY_sg2	BSPRY
BSPRY_sg3	BSPRY
BSPRY_sg4	BSPRY
BTBD8_sg1	BTBD8
BTBD8_sg2	BTBD8
BTBD8_sg3	BTBD8
BTBD8_sg4	BTBD8
BTD_sg1	BTD
BTD_sg2	BTD
BTD_sg3	BTD
BTD_sg4	BTD
BTK_sg1	BTK
BTK_sg2	BTK
BTK_sg3	BTK
BTK_sg4	BTK
BUD31_sg1	BUD31
BUD31_sg2	BUD31
BUD31_sg3	BUD31
BUD31_sg4	BUD31
BYSL_sg1	BYSL
BYSL_sg2	BYSL
BYSL_sg3	BYSL
BYSL_sg4	BYSL
C10orf107_sg1	C10orf107
C10orf107_sg2	C10orf107
C10orf107_sg3	C10orf107
C10orf107_sg4	C10orf107
C10orf11_sg1	C10orf11
C10orf11_sg2	C10orf11
C10orf11_sg3	C10orf11
C10orf11_sg4	C10orf11
C10orf12_sg1	C10orf12
C10orf12_sg2	C10orf12
C10orf12_sg3	C10orf12
C10orf12_sg4	C10orf12
C10orf128_sg1	C10orf128
C10orf128_sg2	C10orf128
C10orf128_sg3	C10orf128
C10orf128_sg4	C10orf128
C10orf137_sg1	C10orf137
C10orf137_sg2	C10orf137
C10orf137_sg3	C10orf137
C10orf137_sg4	C10orf137
C10orf32_sg1	C10orf32
C10orf32_sg2	C10orf32
C10orf32_sg3	C10orf32
C10orf32_sg4	C10orf32
C10orf67_sg1	C10orf67
C10orf67_sg2	C10orf67
C10orf67_sg3	C10orf67
C10orf67_sg4	C10orf67
C11orf21_sg1	C11orf21
C11orf21_sg2	C11orf21
C11orf21_sg3	C11orf21
C11orf21_sg4	C11orf21
C11orf35_sg1	C11orf35
C11orf35_sg2	C11orf35
C11orf35_sg3	C11orf35
C11orf35_sg4	C11orf35
C11orf42_sg1	C11orf42
C11orf42_sg2	C11orf42
C11orf42_sg3	C11orf42
C11orf42_sg4	C11orf42
C11orf48_sg1	C11orf48
C11orf48_sg2	C11orf48
C11orf48_sg3	C11orf48
C11orf48_sg4	C11orf48
C11orf52_sg1	C11orf52
C11orf52_sg2	C11orf52
C11orf52_sg3	C11orf52
C11orf52_sg4	C11orf52
C11orf57_sg1	C11orf57
C11orf57_sg2	C11orf57
C11orf57_sg3	C11orf57
C11orf57_sg4	C11orf57
C11orf65_sg1	C11orf65
C11orf65_sg2	C11orf65
C11orf65_sg3	C11orf65
C11orf65_sg4	C11orf65
C11orf71_sg1	C11orf71
C11orf71_sg2	C11orf71
C11orf71_sg3	C11orf71
C11orf71_sg4	C11orf71
C11orf80_sg1	C11orf80
C11orf80_sg2	C11orf80
C11orf80_sg3	C11orf80
C11orf80_sg4	C11orf80
C11orf85_sg1	C11orf85
C11orf85_sg2	C11orf85
C11orf85_sg3	C11orf85
C11orf85_sg4	C11orf85
C11orf88_sg1	C11orf88
C11orf88_sg2	C11orf88
C11orf88_sg3	C11orf88
C11orf88_sg4	C11orf88
C11orf95_sg1	C11orf95
C11orf95_sg2	C11orf95
C11orf95_sg3	C11orf95
C11orf95_sg4	C11orf95
C11orf96_sg1	C11orf96
C11orf96_sg2	C11orf96
C11orf96_sg3	C11orf96
C11orf96_sg4	C11orf96
C12orf43_sg1	C12orf43
C12orf43_sg2	C12orf43
C12orf43_sg3	C12orf43
C12orf43_sg4	C12orf43
C12orf54_sg1	C12orf54
C12orf54_sg2	C12orf54
C12orf54_sg3	C12orf54
C12orf54_sg4	C12orf54
C12orf57_sg1	C12orf57
C12orf57_sg2	C12orf57
C12orf57_sg3	C12orf57
C12orf57_sg4	C12orf57
C12orf60_sg1	C12orf60
C12orf60_sg2	C12orf60
C12orf60_sg3	C12orf60
C12orf60_sg4	C12orf60
C12orf75_sg1	C12orf75
C12orf75_sg2	C12orf75
C12orf75_sg3	C12orf75
C12orf75_sg4	C12orf75
C12orf76_sg1	C12orf76
C12orf76_sg2	C12orf76
C12orf76_sg3	C12orf76
C12orf76_sg4	C12orf76
C13orf45_sg1	C13orf45
C13orf45_sg2	C13orf45
C13orf45_sg3	C13orf45
C13orf45_sg4	C13orf45
C14orf1_sg1	C14orf1
C14orf1_sg2	C14orf1
C14orf1_sg3	C14orf1
C14orf1_sg4	C14orf1
C14orf132_sg1	C14orf132
C14orf132_sg2	C14orf132
C14orf132_sg3	C14orf132
C14orf132_sg4	C14orf132
C14orf166B_sg1	C14orf166B
C14orf166B_sg2	C14orf166B
C14orf166B_sg3	C14orf166B
C14orf166B_sg4	C14orf166B
C14orf169_sg1	C14orf169
C14orf169_sg2	C14orf169
C14orf169_sg3	C14orf169
C14orf169_sg4	C14orf169
C14orf180_sg1	C14orf180
C14orf180_sg2	C14orf180
C14orf180_sg3	C14orf180
C14orf180_sg4	C14orf180
C14orf80_sg1	C14orf80
C14orf80_sg2	C14orf80
C14orf80_sg3	C14orf80
C14orf80_sg4	C14orf80
C15orf38_sg1	C15orf38
C15orf38_sg2	C15orf38
C15orf38_sg3	C15orf38
C15orf38_sg4	C15orf38
C15orf40_sg1	C15orf40
C15orf40_sg2	C15orf40
C15orf40_sg3	C15orf40
C15orf40_sg4	C15orf40
C15orf43_sg1	C15orf43
C15orf43_sg2	C15orf43
C15orf43_sg3	C15orf43
C15orf43_sg4	C15orf43
C15orf56_sg1	C15orf56
C15orf56_sg2	C15orf56
C15orf56_sg3	C15orf56
C15orf56_sg4	C15orf56
C15orf60_sg1	C15orf60
C15orf60_sg2	C15orf60
C15orf60_sg3	C15orf60
C15orf60_sg4	C15orf60
C16orf52_sg1	C16orf52
C16orf52_sg2	C16orf52
C16orf52_sg3	C16orf52
C16orf52_sg4	C16orf52
C16orf55_sg1	C16orf55
C16orf55_sg2	C16orf55
C16orf55_sg3	C16orf55
C16orf55_sg4	C16orf55
C16orf58_sg1	C16orf58
C16orf58_sg2	C16orf58
C16orf58_sg3	C16orf58
C16orf58_sg4	C16orf58
C16orf59_sg1	C16orf59
C16orf59_sg2	C16orf59
C16orf59_sg3	C16orf59
C16orf59_sg4	C16orf59
C16orf71_sg1	C16orf71
C16orf71_sg2	C16orf71
C16orf71_sg3	C16orf71
C16orf71_sg4	C16orf71
C16orf86_sg1	C16orf86
C16orf86_sg2	C16orf86
C16orf86_sg3	C16orf86
C16orf86_sg4	C16orf86
C16orf93_sg1	C16orf93
C16orf93_sg2	C16orf93
C16orf93_sg3	C16orf93
C16orf93_sg4	C16orf93
C16orf96_sg1	C16orf96
C16orf96_sg2	C16orf96
C16orf96_sg3	C16orf96
C16orf96_sg4	C16orf96
C16orf97_sg1	C16orf97
C16orf97_sg2	C16orf97
C16orf97_sg3	C16orf97
C16orf97_sg4	C16orf97
C17orf104_sg1	C17orf104
C17orf104_sg2	C17orf104
C17orf104_sg3	C17orf104
C17orf104_sg4	C17orf104
C17orf107_sg1	C17orf107
C17orf107_sg2	C17orf107
C17orf107_sg3	C17orf107
C17orf107_sg4	C17orf107
C17orf49_sg1	C17orf49
C17orf49_sg2	C17orf49
C17orf49_sg3	C17orf49
C17orf49_sg4	C17orf49
C17orf62_sg1	C17orf62
C17orf62_sg2	C17orf62
C17orf62_sg3	C17orf62
C17orf62_sg4	C17orf62
C17orf64_sg1	C17orf64
C17orf64_sg2	C17orf64
C17orf64_sg3	C17orf64
C17orf64_sg4	C17orf64
C17orf67_sg1	C17orf67
C17orf67_sg2	C17orf67
C17orf67_sg3	C17orf67
C17orf67_sg4	C17orf67
C17orf72_sg1	C17orf72
C17orf72_sg2	C17orf72
C17orf72_sg3	C17orf72
C17orf72_sg4	C17orf72
C17orf74_sg1	C17orf74
C17orf74_sg2	C17orf74
C17orf74_sg3	C17orf74
C17orf74_sg4	C17orf74
C17orf80_sg1	C17orf80
C17orf80_sg2	C17orf80
C17orf80_sg3	C17orf80
C17orf80_sg4	C17orf80
C17orf82_sg1	C17orf82
C17orf82_sg2	C17orf82
C17orf82_sg3	C17orf82
C17orf82_sg4	C17orf82
C17orf85_sg1	C17orf85
C17orf85_sg2	C17orf85
C17orf85_sg3	C17orf85
C17orf85_sg4	C17orf85
C18orf21_sg1	C18orf21
C18orf21_sg2	C18orf21
C18orf21_sg3	C18orf21
C18orf21_sg4	C18orf21
C18orf25_sg1	C18orf25
C18orf25_sg2	C18orf25
C18orf25_sg3	C18orf25
C18orf25_sg4	C18orf25
C18orf54_sg1	C18orf54
C18orf54_sg2	C18orf54
C18orf54_sg3	C18orf54
C18orf54_sg4	C18orf54
C19orf10_sg1	C19orf10
C19orf10_sg2	C19orf10
C19orf10_sg3	C19orf10
C19orf10_sg4	C19orf10
C19orf24_sg1	C19orf24
C19orf24_sg2	C19orf24
C19orf24_sg3	C19orf24
C19orf24_sg4	C19orf24
C19orf25_sg1	C19orf25
C19orf25_sg2	C19orf25
C19orf25_sg3	C19orf25
C19orf25_sg4	C19orf25
C19orf33_sg1	C19orf33
C19orf33_sg2	C19orf33
C19orf33_sg3	C19orf33
C19orf33_sg4	C19orf33
C19orf35_sg1	C19orf35
C19orf35_sg2	C19orf35
C19orf35_sg3	C19orf35
C19orf35_sg4	C19orf35
C19orf38_sg1	C19orf38
C19orf38_sg2	C19orf38
C19orf38_sg3	C19orf38
C19orf38_sg4	C19orf38
C19orf40_sg1	C19orf40
C19orf40_sg2	C19orf40
C19orf40_sg3	C19orf40
C19orf40_sg4	C19orf40
C19orf45_sg1	C19orf45
C19orf45_sg2	C19orf45
C19orf45_sg3	C19orf45
C19orf45_sg4	C19orf45
C19orf55_sg1	C19orf55
C19orf55_sg2	C19orf55
C19orf55_sg3	C19orf55
C19orf55_sg4	C19orf55
C19orf59_sg1	C19orf59
C19orf59_sg2	C19orf59
C19orf59_sg3	C19orf59
C19orf59_sg4	C19orf59
C19orf70_sg1	C19orf70
C19orf70_sg2	C19orf70
C19orf70_sg3	C19orf70
C19orf70_sg4	C19orf70
C19orf80_sg1	C19orf80
C19orf80_sg2	C19orf80
C19orf80_sg3	C19orf80
C19orf80_sg4	C19orf80
C19orf81_sg1	C19orf81
C19orf81_sg2	C19orf81
C19orf81_sg3	C19orf81
C19orf81_sg4	C19orf81
C1orf101_sg1	C1orf101
C1orf101_sg2	C1orf101
C1orf101_sg3	C1orf101
C1orf101_sg4	C1orf101
C1orf109_sg1	C1orf109
C1orf109_sg2	C1orf109
C1orf109_sg3	C1orf109
C1orf109_sg4	C1orf109
C1orf112_sg1	C1orf112
C1orf112_sg2	C1orf112
C1orf112_sg3	C1orf112
C1orf112_sg4	C1orf112
C1orf158_sg1	C1orf158
C1orf158_sg2	C1orf158
C1orf158_sg3	C1orf158
C1orf158_sg4	C1orf158
C1orf162_sg1	C1orf162
C1orf162_sg2	C1orf162
C1orf162_sg3	C1orf162
C1orf162_sg4	C1orf162
C1orf168_sg1	C1orf168
C1orf168_sg2	C1orf168
C1orf168_sg3	C1orf168
C1orf168_sg4	C1orf168
C1orf172_sg1	C1orf172
C1orf172_sg2	C1orf172
C1orf172_sg3	C1orf172
C1orf172_sg4	C1orf172
C1orf173_sg1	C1orf173
C1orf173_sg2	C1orf173
C1orf173_sg3	C1orf173
C1orf173_sg4	C1orf173
C1orf174_sg1	C1orf174
C1orf174_sg2	C1orf174
C1orf174_sg3	C1orf174
C1orf174_sg4	C1orf174
C1orf177_sg1	C1orf177
C1orf177_sg2	C1orf177
C1orf177_sg3	C1orf177
C1orf177_sg4	C1orf177
C1orf186_sg1	C1orf186
C1orf186_sg2	C1orf186
C1orf186_sg3	C1orf186
C1orf186_sg4	C1orf186
C1orf189_sg1	C1orf189
C1orf189_sg2	C1orf189
C1orf189_sg3	C1orf189
C1orf189_sg4	C1orf189
C1orf192_sg1	C1orf192
C1orf192_sg2	C1orf192
C1orf192_sg3	C1orf192
C1orf192_sg4	C1orf192
C1orf21_sg1	C1orf21
C1orf21_sg2	C1orf21
C1orf21_sg3	C1orf21
C1orf21_sg4	C1orf21
C1orf210_sg1	C1orf210
C1orf210_sg2	C1orf210
C1orf210_sg3	C1orf210
C1orf210_sg4	C1orf210
C1orf216_sg1	C1orf216
C1orf216_sg2	C1orf216
C1orf216_sg3	C1orf216
C1orf216_sg4	C1orf216
C1orf227_sg1	C1orf227
C1orf227_sg2	C1orf227
C1orf227_sg3	C1orf227
C1orf227_sg4	C1orf227
C1orf228_sg1	C1orf228
C1orf228_sg2	C1orf228
C1orf228_sg3	C1orf228
C1orf228_sg4	C1orf228
C1orf233_sg1	C1orf233
C1orf233_sg2	C1orf233
C1orf233_sg3	C1orf233
C1orf233_sg4	C1orf233
C1orf50_sg1	C1orf50
C1orf50_sg2	C1orf50
C1orf50_sg3	C1orf50
C1orf50_sg4	C1orf50
C1orf51_sg1	C1orf51
C1orf51_sg2	C1orf51
C1orf51_sg3	C1orf51
C1orf51_sg4	C1orf51
C1orf52_sg1	C1orf52
C1orf52_sg2	C1orf52
C1orf52_sg3	C1orf52
C1orf52_sg4	C1orf52
C1orf56_sg1	C1orf56
C1orf56_sg2	C1orf56
C1orf56_sg3	C1orf56
C1orf56_sg4	C1orf56
C1orf61_sg1	C1orf61
C1orf61_sg2	C1orf61
C1orf61_sg3	C1orf61
C1orf61_sg4	C1orf61
C1orf63_sg1	C1orf63
C1orf63_sg2	C1orf63
C1orf63_sg3	C1orf63
C1orf63_sg4	C1orf63
C1orf74_sg1	C1orf74
C1orf74_sg2	C1orf74
C1orf74_sg3	C1orf74
C1orf74_sg4	C1orf74
C1orf85_sg1	C1orf85
C1orf85_sg2	C1orf85
C1orf85_sg3	C1orf85
C1orf85_sg4	C1orf85
C1orf94_sg1	C1orf94
C1orf94_sg2	C1orf94
C1orf94_sg3	C1orf94
C1orf94_sg4	C1orf94
C1orf95_sg1	C1orf95
C1orf95_sg2	C1orf95
C1orf95_sg3	C1orf95
C1orf95_sg4	C1orf95
C20orf112_sg1	C20orf112
C20orf112_sg2	C20orf112
C20orf112_sg3	C20orf112
C20orf112_sg4	C20orf112
C20orf194_sg1	C20orf194
C20orf194_sg2	C20orf194
C20orf194_sg3	C20orf194
C20orf194_sg4	C20orf194
C20orf78_sg1	C20orf78
C20orf78_sg2	C20orf78
C20orf78_sg3	C20orf78
C20orf78_sg4	C20orf78
C20orf96_sg1	C20orf96
C20orf96_sg2	C20orf96
C20orf96_sg3	C20orf96
C20orf96_sg4	C20orf96
C21orf2_sg1	C21orf2
C21orf2_sg2	C21orf2
C21orf2_sg3	C21orf2
C21orf2_sg4	C21orf2
C21orf58_sg1	C21orf58
C21orf58_sg2	C21orf58
C21orf58_sg3	C21orf58
C21orf58_sg4	C21orf58
C21orf59_sg1	C21orf59
C21orf59_sg2	C21orf59
C21orf59_sg3	C21orf59
C21orf59_sg4	C21orf59
C21orf91_sg1	C21orf91
C21orf91_sg2	C21orf91
C21orf91_sg3	C21orf91
C21orf91_sg4	C21orf91
C22orf15_sg1	C22orf15
C22orf15_sg2	C22orf15
C22orf15_sg3	C22orf15
C22orf15_sg4	C22orf15
C22orf23_sg1	C22orf23
C22orf23_sg2	C22orf23
C22orf23_sg3	C22orf23
C22orf23_sg4	C22orf23
C22orf26_sg1	C22orf26
C22orf26_sg2	C22orf26
C22orf26_sg3	C22orf26
C22orf26_sg4	C22orf26
C22orf31_sg1	C22orf31
C22orf31_sg2	C22orf31
C22orf31_sg3	C22orf31
C22orf31_sg4	C22orf31
C22orf43_sg1	C22orf43
C22orf43_sg2	C22orf43
C22orf43_sg3	C22orf43
C22orf43_sg4	C22orf43
C2CD2_sg1	C2CD2
C2CD2_sg2	C2CD2
C2CD2_sg3	C2CD2
C2CD2_sg4	C2CD2
C2CD4B_sg1	C2CD4B
C2CD4B_sg2	C2CD4B
C2CD4B_sg3	C2CD4B
C2CD4B_sg4	C2CD4B
C2orf15_sg1	C2orf15
C2orf15_sg2	C2orf15
C2orf15_sg3	C2orf15
C2orf15_sg4	C2orf15
C2orf42_sg1	C2orf42
C2orf42_sg2	C2orf42
C2orf42_sg3	C2orf42
C2orf42_sg4	C2orf42
C2orf49_sg1	C2orf49
C2orf49_sg2	C2orf49
C2orf49_sg3	C2orf49
C2orf49_sg4	C2orf49
C2orf53_sg1	C2orf53
C2orf53_sg2	C2orf53
C2orf53_sg3	C2orf53
C2orf53_sg4	C2orf53
C2orf73_sg1	C2orf73
C2orf73_sg2	C2orf73
C2orf73_sg3	C2orf73
C2orf73_sg4	C2orf73
C2orf78_sg1	C2orf78
C2orf78_sg2	C2orf78
C2orf78_sg3	C2orf78
C2orf78_sg4	C2orf78
C2orf82_sg1	C2orf82
C2orf82_sg2	C2orf82
C2orf82_sg3	C2orf82
C2orf82_sg4	C2orf82
C3orf20_sg1	C3orf20
C3orf20_sg2	C3orf20
C3orf20_sg3	C3orf20
C3orf20_sg4	C3orf20
C3orf30_sg1	C3orf30
C3orf30_sg2	C3orf30
C3orf30_sg3	C3orf30
C3orf30_sg4	C3orf30
C3orf33_sg1	C3orf33
C3orf33_sg2	C3orf33
C3orf33_sg3	C3orf33
C3orf33_sg4	C3orf33
C3orf67_sg1	C3orf67
C3orf67_sg2	C3orf67
C3orf67_sg3	C3orf67
C3orf67_sg4	C3orf67
C3orf72_sg1	C3orf72
C3orf72_sg2	C3orf72
C3orf72_sg3	C3orf72
C3orf72_sg4	C3orf72
C4orf21_sg1	C4orf21
C4orf21_sg2	C4orf21
C4orf21_sg3	C4orf21
C4orf21_sg4	C4orf21
C4orf27_sg1	C4orf27
C4orf27_sg2	C4orf27
C4orf27_sg3	C4orf27
C4orf27_sg4	C4orf27
C4orf33_sg1	C4orf33
C4orf33_sg2	C4orf33
C4orf33_sg3	C4orf33
C4orf33_sg4	C4orf33
C4orf36_sg1	C4orf36
C4orf36_sg2	C4orf36
C4orf36_sg3	C4orf36
C4orf36_sg4	C4orf36
C4orf6_sg1	C4orf6
C4orf6_sg2	C4orf6
C4orf6_sg3	C4orf6
C4orf6_sg4	C4orf6
C5orf34_sg1	C5orf34
C5orf34_sg2	C5orf34
C5orf34_sg3	C5orf34
C5orf34_sg4	C5orf34
C5orf45_sg1	C5orf45
C5orf45_sg2	C5orf45
C5orf45_sg3	C5orf45
C5orf45_sg4	C5orf45
C5orf46_sg1	C5orf46
C5orf46_sg2	C5orf46
C5orf46_sg3	C5orf46
C5orf46_sg4	C5orf46
C5orf48_sg1	C5orf48
C5orf48_sg2	C5orf48
C5orf48_sg3	C5orf48
C5orf48_sg4	C5orf48
C5orf54_sg1	C5orf54
C5orf54_sg2	C5orf54
C5orf54_sg3	C5orf54
C5orf54_sg4	C5orf54
C6orf10_sg1	C6orf10
C6orf10_sg2	C6orf10
C6orf10_sg3	C6orf10
C6orf10_sg4	C6orf10
C6orf106_sg1	C6orf106
C6orf106_sg2	C6orf106
C6orf106_sg3	C6orf106
C6orf106_sg4	C6orf106
C6orf118_sg1	C6orf118
C6orf118_sg2	C6orf118
C6orf118_sg3	C6orf118
C6orf118_sg4	C6orf118
C6orf132_sg1	C6orf132
C6orf132_sg2	C6orf132
C6orf132_sg3	C6orf132
C6orf132_sg4	C6orf132
C6orf201_sg1	C6orf201
C6orf201_sg2	C6orf201
C6orf201_sg3	C6orf201
C6orf201_sg4	C6orf201
C6orf211_sg1	C6orf211
C6orf211_sg2	C6orf211
C6orf211_sg3	C6orf211
C6orf211_sg4	C6orf211
C6orf223_sg1	C6orf223
C6orf223_sg2	C6orf223
C6orf223_sg3	C6orf223
C6orf223_sg4	C6orf223
C6orf48_sg1	C6orf48
C6orf48_sg2	C6orf48
C6orf48_sg3	C6orf48
C6orf48_sg4	C6orf48
C6orf52_sg1	C6orf52
C6orf52_sg2	C6orf52
C6orf52_sg3	C6orf52
C6orf52_sg4	C6orf52
C6orf57_sg1	C6orf57
C6orf57_sg2	C6orf57
C6orf57_sg3	C6orf57
C6orf57_sg4	C6orf57
C6orf62_sg1	C6orf62
C6orf62_sg2	C6orf62
C6orf62_sg3	C6orf62
C6orf62_sg4	C6orf62
C6orf99_sg1	C6orf99
C6orf99_sg2	C6orf99
C6orf99_sg3	C6orf99
C6orf99_sg4	C6orf99
C7orf10_sg1	C7orf10
C7orf10_sg2	C7orf10
C7orf10_sg3	C7orf10
C7orf10_sg4	C7orf10
C7orf25_sg1	C7orf25
C7orf25_sg2	C7orf25
C7orf25_sg3	C7orf25
C7orf25_sg4	C7orf25
C7orf29_sg1	C7orf29
C7orf29_sg2	C7orf29
C7orf29_sg3	C7orf29
C7orf29_sg4	C7orf29
C7orf43_sg1	C7orf43
C7orf43_sg2	C7orf43
C7orf43_sg3	C7orf43
C7orf43_sg4	C7orf43
C7orf49_sg1	C7orf49
C7orf49_sg2	C7orf49
C7orf49_sg3	C7orf49
C7orf49_sg4	C7orf49
C7orf50_sg1	C7orf50
C7orf50_sg2	C7orf50
C7orf50_sg3	C7orf50
C7orf50_sg4	C7orf50
C7orf55_sg1	C7orf55
C7orf55_sg2	C7orf55
C7orf55_sg3	C7orf55
C7orf55_sg4	C7orf55
C8orf22_sg1	C8orf22
C8orf22_sg2	C8orf22
C8orf22_sg3	C8orf22
C8orf22_sg4	C8orf22
C8orf34_sg1	C8orf34
C8orf34_sg2	C8orf34
C8orf34_sg3	C8orf34
C8orf34_sg4	C8orf34
C8orf37_sg1	C8orf37
C8orf37_sg2	C8orf37
C8orf37_sg3	C8orf37
C8orf37_sg4	C8orf37
C8orf42_sg1	C8orf42
C8orf42_sg2	C8orf42
C8orf42_sg3	C8orf42
C8orf42_sg4	C8orf42
C8orf44_sg1	C8orf44
C8orf44_sg2	C8orf44
C8orf44_sg3	C8orf44
C8orf44_sg4	C8orf44
C8orf46_sg1	C8orf46
C8orf46_sg2	C8orf46
C8orf46_sg3	C8orf46
C8orf46_sg4	C8orf46
C8orf47_sg1	C8orf47
C8orf47_sg2	C8orf47
C8orf47_sg3	C8orf47
C8orf47_sg4	C8orf47
C8orf74_sg1	C8orf74
C8orf74_sg2	C8orf74
C8orf74_sg3	C8orf74
C8orf74_sg4	C8orf74
C8orf76_sg1	C8orf76
C8orf76_sg2	C8orf76
C8orf76_sg3	C8orf76
C8orf76_sg4	C8orf76
C9orf116_sg1	C9orf116
C9orf116_sg2	C9orf116
C9orf116_sg3	C9orf116
C9orf116_sg4	C9orf116
C9orf117_sg1	C9orf117
C9orf117_sg2	C9orf117
C9orf117_sg3	C9orf117
C9orf117_sg4	C9orf117
C9orf123_sg1	C9orf123
C9orf123_sg2	C9orf123
C9orf123_sg3	C9orf123
C9orf123_sg4	C9orf123
C9orf135_sg1	C9orf135
C9orf135_sg2	C9orf135
C9orf135_sg3	C9orf135
C9orf135_sg4	C9orf135
C9orf142_sg1	C9orf142
C9orf142_sg2	C9orf142
C9orf142_sg3	C9orf142
C9orf142_sg4	C9orf142
C9orf153_sg1	C9orf153
C9orf153_sg2	C9orf153
C9orf153_sg3	C9orf153
C9orf153_sg4	C9orf153
C9orf3_sg1	C9orf3
C9orf3_sg2	C9orf3
C9orf3_sg3	C9orf3
C9orf3_sg4	C9orf3
C9orf37_sg1	C9orf37
C9orf37_sg2	C9orf37
C9orf37_sg3	C9orf37
C9orf37_sg4	C9orf37
C9orf50_sg1	C9orf50
C9orf50_sg2	C9orf50
C9orf50_sg3	C9orf50
C9orf50_sg4	C9orf50
C9orf64_sg1	C9orf64
C9orf64_sg2	C9orf64
C9orf64_sg3	C9orf64
C9orf64_sg4	C9orf64
C9orf66_sg1	C9orf66
C9orf66_sg2	C9orf66
C9orf66_sg3	C9orf66
C9orf66_sg4	C9orf66
C9orf69_sg1	C9orf69
C9orf69_sg2	C9orf69
C9orf69_sg3	C9orf69
C9orf69_sg4	C9orf69
C9orf72_sg1	C9orf72
C9orf72_sg2	C9orf72
C9orf72_sg3	C9orf72
C9orf72_sg4	C9orf72
C9orf9_sg1	C9orf9
C9orf9_sg2	C9orf9
C9orf9_sg3	C9orf9
C9orf9_sg4	C9orf9
C9orf91_sg1	C9orf91
C9orf91_sg2	C9orf91
C9orf91_sg3	C9orf91
C9orf91_sg4	C9orf91
C9orf96_sg1	C9orf96
C9orf96_sg2	C9orf96
C9orf96_sg3	C9orf96
C9orf96_sg4	C9orf96
CA9_sg1	CA9
CA9_sg2	CA9
CA9_sg3	CA9
CA9_sg4	CA9
CAB39L_sg1	CAB39L
CAB39L_sg2	CAB39L
CAB39L_sg3	CAB39L
CAB39L_sg4	CAB39L
CABLES1_sg1	CABLES1
CABLES1_sg2	CABLES1
CABLES1_sg3	CABLES1
CABLES1_sg4	CABLES1
CABP1_sg1	CABP1
CABP1_sg2	CABP1
CABP1_sg3	CABP1
CABP1_sg4	CABP1
CACUL1_sg1	CACUL1
CACUL1_sg2	CACUL1
CACUL1_sg3	CACUL1
CACUL1_sg4	CACUL1
CAD_sg1	CAD
CAD_sg2	CAD
CAD_sg3	CAD
CAD_sg4	CAD
CALCA_sg1	CALCA
CALCA_sg2	CALCA
CALCA_sg3	CALCA
CALCA_sg4	CALCA
CALCOCO2_sg1	CALCOCO2
CALCOCO2_sg2	CALCOCO2
CALCOCO2_sg3	CALCOCO2
CALCOCO2_sg4	CALCOCO2
CALML6_sg1	CALML6
CALML6_sg2	CALML6
CALML6_sg3	CALML6
CALML6_sg4	CALML6
CALR_sg1	CALR
CALR_sg2	CALR
CALR_sg3	CALR
CALR_sg4	CALR
CAMK1D_sg1	CAMK1D
CAMK1D_sg2	CAMK1D
CAMK1D_sg3	CAMK1D
CAMK1D_sg4	CAMK1D
CAMK1G_sg1	CAMK1G
CAMK1G_sg2	CAMK1G
CAMK1G_sg3	CAMK1G
CAMK1G_sg4	CAMK1G
CAMK2A_sg1	CAMK2A
CAMK2A_sg2	CAMK2A
CAMK2A_sg3	CAMK2A
CAMK2A_sg4	CAMK2A
CAMK2G_sg1	CAMK2G
CAMK2G_sg2	CAMK2G
CAMK2G_sg3	CAMK2G
CAMK2G_sg4	CAMK2G
CAMK2N2_sg1	CAMK2N2
CAMK2N2_sg2	CAMK2N2
CAMK2N2_sg3	CAMK2N2
CAMK2N2_sg4	CAMK2N2
CAMKK1_sg1	CAMKK1
CAMKK1_sg2	CAMKK1
CAMKK1_sg3	CAMKK1
CAMKK1_sg4	CAMKK1
CAND1_sg1	CAND1
CAND1_sg2	CAND1
CAND1_sg3	CAND1
CAND1_sg4	CAND1
CAND2_sg1	CAND2
CAND2_sg2	CAND2
CAND2_sg3	CAND2
CAND2_sg4	CAND2
CAPG_sg1	CAPG
CAPG_sg2	CAPG
CAPG_sg3	CAPG
CAPG_sg4	CAPG
CAPN3_sg1	CAPN3
CAPN3_sg2	CAPN3
CAPN3_sg3	CAPN3
CAPN3_sg4	CAPN3
CAPN7_sg1	CAPN7
CAPN7_sg2	CAPN7
CAPN7_sg3	CAPN7
CAPN7_sg4	CAPN7
CARD8_sg1	CARD8
CARD8_sg2	CARD8
CARD8_sg3	CARD8
CARD8_sg4	CARD8
CARM1_sg1	CARM1
CARM1_sg2	CARM1
CARM1_sg3	CARM1
CARM1_sg4	CARM1
CASC3_sg1	CASC3
CASC3_sg2	CASC3
CASC3_sg3	CASC3
CASC3_sg4	CASC3
CASC5_sg1	CASC5
CASC5_sg2	CASC5
CASC5_sg3	CASC5
CASC5_sg4	CASC5
CASK_sg1	CASK
CASK_sg2	CASK
CASK_sg3	CASK
CASK_sg4	CASK
CASP2_sg1	CASP2
CASP2_sg2	CASP2
CASP2_sg3	CASP2
CASP2_sg4	CASP2
CASP3_sg1	CASP3
CASP3_sg2	CASP3
CASP3_sg3	CASP3
CASP3_sg4	CASP3
CASP6_sg1	CASP6
CASP6_sg2	CASP6
CASP6_sg3	CASP6
CASP6_sg4	CASP6
CASP8_sg1	CASP8
CASP8_sg2	CASP8
CASP8_sg3	CASP8
CASP8_sg4	CASP8
CAV2_sg1	CAV2
CAV2_sg2	CAV2
CAV2_sg3	CAV2
CAV2_sg4	CAV2
CBLB_sg1	CBLB
CBLB_sg2	CBLB
CBLB_sg3	CBLB
CBLB_sg4	CBLB
CBLC_sg1	CBLC
CBLC_sg2	CBLC
CBLC_sg3	CBLC
CBLC_sg4	CBLC
CBX2_sg1	CBX2
CBX2_sg2	CBX2
CBX2_sg3	CBX2
CBX2_sg4	CBX2
CBX4_sg1	CBX4
CBX4_sg2	CBX4
CBX4_sg3	CBX4
CBX4_sg4	CBX4
CBX7_sg1	CBX7
CBX7_sg2	CBX7
CBX7_sg3	CBX7
CBX7_sg4	CBX7
CBX8_sg1	CBX8
CBX8_sg2	CBX8
CBX8_sg3	CBX8
CBX8_sg4	CBX8
CC2D1B_sg1	CC2D1B
CC2D1B_sg2	CC2D1B
CC2D1B_sg3	CC2D1B
CC2D1B_sg4	CC2D1B
CCAR1_sg1	CCAR1
CCAR1_sg2	CCAR1
CCAR1_sg3	CCAR1
CCAR1_sg4	CCAR1
CCDC102A_sg1	CCDC102A
CCDC102A_sg2	CCDC102A
CCDC102A_sg3	CCDC102A
CCDC102A_sg4	CCDC102A
CCDC103_sg1	CCDC103
CCDC103_sg2	CCDC103
CCDC103_sg3	CCDC103
CCDC103_sg4	CCDC103
CCDC105_sg1	CCDC105
CCDC105_sg2	CCDC105
CCDC105_sg3	CCDC105
CCDC105_sg4	CCDC105
CCDC106_sg1	CCDC106
CCDC106_sg2	CCDC106
CCDC106_sg3	CCDC106
CCDC106_sg4	CCDC106
CCDC107_sg1	CCDC107
CCDC107_sg2	CCDC107
CCDC107_sg3	CCDC107
CCDC107_sg4	CCDC107
CCDC109B_sg1	CCDC109B
CCDC109B_sg2	CCDC109B
CCDC109B_sg3	CCDC109B
CCDC109B_sg4	CCDC109B
CCDC11_sg1	CCDC11
CCDC11_sg2	CCDC11
CCDC11_sg3	CCDC11
CCDC11_sg4	CCDC11
CCDC113_sg1	CCDC113
CCDC113_sg2	CCDC113
CCDC113_sg3	CCDC113
CCDC113_sg4	CCDC113
CCDC115_sg1	CCDC115
CCDC115_sg2	CCDC115
CCDC115_sg3	CCDC115
CCDC115_sg4	CCDC115
CCDC116_sg1	CCDC116
CCDC116_sg2	CCDC116
CCDC116_sg3	CCDC116
CCDC116_sg4	CCDC116
CDK1_sg1	CDK1
CDK1_sg2	CDK1
CDK1_sg3	CDK1
CDK1_sg4	CDK1
CHEK1_sg1	CHEK1
CHEK1_sg2	CHEK1
CHEK1_sg3	CHEK1
CHEK1_sg4	CHEK1
CHEK2_sg1	CHEK2
CHEK2_sg2	CHEK2
CHEK2_sg3	CHEK2
CHEK2_sg4	CHEK2
DYNLL1_sg1	DYNLL1
DYNLL1_sg2	DYNLL1
DYNLL1_sg3	DYNLL1
DYNLL1_sg4	DYNLL1
EEF2_sg1	EEF2
EEF2_sg2	EEF2
EEF2_sg3	EEF2
EEF2_sg4	EEF2
EIF3A_sg1	EIF3A
EIF3A_sg2	EIF3A
EIF3A_sg3	EIF3A
EIF3A_sg4	EIF3A
EXO1_sg1	EXO1
EXO1_sg2	EXO1
EXO1_sg3	EXO1
EXO1_sg4	EXO1
FAM35A_sg1	FAM35A
FAM35A_sg2	FAM35A
FAM35A_sg3	FAM35A
FAM35A_sg4	FAM35A
FANCA_sg1	FANCA
FANCA_sg2	FANCA
FANCA_sg3	FANCA
FANCA_sg4	FANCA
FANCB_sg1	FANCB
FANCB_sg2	FANCB
FANCB_sg3	FANCB
FANCB_sg4	FANCB
FANCC_sg1	FANCC
FANCC_sg2	FANCC
FANCC_sg3	FANCC
FANCC_sg4	FANCC
FANCD2_sg1	FANCD2
FANCD2_sg2	FANCD2
FANCD2_sg3	FANCD2
FANCD2_sg4	FANCD2
FANCE_sg1	FANCE
FANCE_sg2	FANCE
FANCE_sg3	FANCE
FANCE_sg4	FANCE
FANCF_sg1	FANCF
FANCF_sg2	FANCF
FANCF_sg3	FANCF
FANCF_sg4	FANCF
FANCI_sg1	FANCI
FANCI_sg2	FANCI
FANCI_sg3	FANCI
FANCI_sg4	FANCI
FANCL_sg1	FANCL
FANCL_sg2	FANCL
FANCL_sg3	FANCL
FANCL_sg4	FANCL
FANCM_sg1	FANCM
FANCM_sg2	FANCM
FANCM_sg3	FANCM
FANCM_sg4	FANCM
H2AFX_sg1	H2AFX
H2AFX_sg2	H2AFX
H2AFX_sg3	H2AFX
H2AFX_sg4	H2AFX
MAD2L2_sg1	MAD2L2
MAD2L2_sg2	MAD2L2
MAD2L2_sg3	MAD2L2
MAD2L2_sg4	MAD2L2
MRE11_sg1	MRE11
MRE11_sg2	MRE11
MRE11_sg3	MRE11
MRE11_sg4	MRE11
NBN_sg1	NBN
NBN_sg2	NBN
NBN_sg3	NBN
NBN_sg4	NBN
PALB2_sg1	PALB2
PALB2_sg2	PALB2
PALB2_sg3	PALB2
PALB2_sg4	PALB2
PARP1_sg1	PARP1
PARP1_sg2	PARP1
PARP1_sg3	PARP1
PARP1_sg4	PARP1
PARP2_sg1	PARP2
PARP2_sg2	PARP2
PARP2_sg3	PARP2
PARP2_sg4	PARP2
PAXIP1_sg1	PAXIP1
PAXIP1_sg2	PAXIP1
PAXIP1_sg3	PAXIP1
PAXIP1_sg4	PAXIP1
PCNA_sg1	PCNA
PCNA_sg2	PCNA
PCNA_sg3	PCNA
PCNA_sg4	PCNA
POLR2A_sg1	POLR2A
POLR2A_sg2	POLR2A
POLR2A_sg3	POLR2A
POLR2A_sg4	POLR2A
PSMD1_sg1	PSMD1
PSMD1_sg2	PSMD1
PSMD1_sg3	PSMD1
PSMD1_sg4	PSMD1
RAD50_sg1	RAD50
RAD50_sg2	RAD50
RAD50_sg3	RAD50
RAD50_sg4	RAD50
RAD51_sg1	RAD51
RAD51_sg2	RAD51
RAD51_sg3	RAD51
RAD51_sg4	RAD51
RAD51B_sg1	RAD51B
RAD51B_sg2	RAD51B
RAD51B_sg3	RAD51B
RAD51B_sg4	RAD51B
RAD51C_sg1	RAD51C
RAD51C_sg2	RAD51C
RAD51C_sg3	RAD51C
RAD51C_sg4	RAD51C
RAD51D_sg1	RAD51D
RAD51D_sg2	RAD51D
RAD51D_sg3	RAD51D
RAD51D_sg4	RAD51D
RBBP8_sg1	RBBP8
RBBP8_sg2	RBBP8
RBBP8_sg3	RBBP8
RBBP8_sg4	RBBP8
REV7_sg1	REV7
REV7_sg2	REV7
REV7_sg3	REV7
REV7_sg4	REV7
RIF1_sg1	RIF1
RIF1_sg2	RIF1
RIF1_sg3	RIF1
RIF1_sg4	RIF1
RNF168_sg1	RNF168
RNF168_sg2	RNF168
RNF168_sg3	RNF168
RNF168_sg4	RNF168
RNF8_sg1	RNF8
RNF8_sg2	RNF8
RNF8_sg3	RNF8
RNF8_sg4	RNF8
RPA1_sg1	RPA1
RPA1_sg2	RPA1
RPA1_sg3	RPA1
RPA1_sg4	RPA1
RPL11_sg1	RPL11
RPL11_sg2	RPL11
RPL11_sg3	RPL11
RPL11_sg4	RPL11
RPL5_sg1	RPL5
RPL5_sg2	RPL5
RPL5_sg3	RPL5
RPL5_sg4	RPL5
RPS19_sg1	RPS19
RPS19_sg2	RPS19
RPS19_sg3	RPS19
RPS19_sg4	RPS19
SEC61A1_sg1	SEC61A1
SEC61A1_sg2	SEC61A1
SEC61A1_sg3	SEC61A1
SEC61A1_sg4	SEC61A1
SHLD1_sg1	SHLD1
SHLD1_sg2	SHLD1
SHLD1_sg3	SHLD1
SHLD1_sg4	SHLD1
SHLD2_sg1	SHLD2
SHLD2_sg2	SHLD2
SHLD2_sg3	SHLD2
SHLD2_sg4	SHLD2
SHLD3_sg1	SHLD3
SHLD3_sg2	SHLD3
SHLD3_sg3	SHLD3
SHLD3_sg4	SHLD3
TP53BP1_sg1	TP53BP1
TP53BP1_sg2	TP53BP1
TP53BP1_sg3	TP53BP1
TP53BP1_sg4	TP53BP1
UBA1_sg1	UBA1
UBA1_sg2	UBA1
UBA1_sg3	UBA1
UBA1_sg4	UBA1
WRN_sg1	WRN
WRN_sg2	WRN
WRN_sg3	WRN
WRN_sg4	WRN
XRCC2_sg1	XRCC2
XRCC2_sg2	XRCC2
XRCC2_sg3	XRCC2
XRCC2_sg4	XRCC2
XRCC3_sg1	XRCC3
XRCC3_sg2	XRCC3
XRCC3_sg3	XRCC3
XRCC3_sg4	XRCC3
